{"cameraMode":{"drawMode":0,"name":"Shaded","section":"Shading Mode"},"sceneLighting":false,"audioPlay":false,"sceneViewState":{"showFog":false,"showMaterialUpdate":false,"showSkybox":false,"showFlares":true,"showImageEffects":true,"showParticleSystems":true},"in2DMode":false,"pivot":{"x":4.787274360656738,"y":1.4349021911621094,"z":0.13085931539535523},"rotation":{"x":-0.14818444848060609,"y":0.8032640814781189,"z":-0.22387558221817017,"w":-0.5316845774650574},"size":20.478227615356447,"orthographic":false}